Algorithm,Video Path,FPS,Avg Frame Processing Time,Avg CPU Load,MPC,CSD,Pearson Coefficient,RMSE
Pixel Intensity Changes,AIR_converted/S05/videos/005_720p.mp4,15.0,0.010126801300897482,5.688063125695217,0.3682045346336706,0.12715168666689847,0.1541438632528471,2.7934619570016377
Optical Flow,AIR_converted/S05/videos/005_720p.mp4,15.0,0.07749506098542516,3.9532814238042273,0.26523106467084157,0.16193670989524264,-0.004793751486437733,3.114358108039184
Eulerian Video Magnification,AIR_converted/S05/videos/005_720p.mp4,15.0,0.1427893858730329,2.055547830923248,0.620542223484007,0.2974918575675203,0.23968411272579349,3.073678347317175
